company,company_clean,founded_year,joined_date,valuation_billion,country,city,industry,funding_round_id,object_id,funded_at,funding_round_type,raised_amount_usd,valuation_usd
Acronis,acronis,2003.0,2019-09-18,2.5,Switzerland,Schaffhausen,Cybersecurity,2611.0,c:6755,2004-01-01,venture,11000000.0,2500000000.0
Addepar,addepar,2009.0,2021-06-15,2.17,United States,Mountain View,Fintech,37620.0,c:64596,2011-06-15,series-a,15839694.0,2170000000.0
Age of Learning,ageoflearning,2007.0,2016-05-03,3.0,United States,Glendale,Edtech,46667.0,c:248515,2012-04-12,other,16500000.0,3000000000.0
Age of Learning,ageoflearning,2007.0,2016-05-03,3.0,United States,Glendale,Edtech,53962.0,c:248515,2011-06-17,other,15000000.0,3000000000.0
Algolia,algolia,2012.0,2021-07-28,2.25,United States,San Francisco,Internet,50543.0,c:171616,2013-10-01,series-a,1500000.0,2250000000.0
Alloy,alloy,2015.0,2021-09-30,1.35,United States,New York,Fintech,16415.0,c:657,2010-06-24,venture,126500000.0,1350000000.0
AppDirect,appdirect,2009.0,2015-10-07,1.1,United States,San Francisco,E-commerce & direct-to-consumer,22704.0,c:74323,2011-04-28,series-a,3250000.0,1100000000.0
AppDirect,appdirect,2009.0,2015-10-07,1.1,United States,San Francisco,E-commerce & direct-to-consumer,31368.0,c:74323,2012-07-18,series-a,8500000.0,1100000000.0
AppDirect,appdirect,2009.0,2015-10-07,1.1,United States,San Francisco,E-commerce & direct-to-consumer,48278.0,c:74323,2013-09-10,series-b,9000000.0,1100000000.0
AppDirect,appdirect,2009.0,2015-10-07,1.1,United States,San Francisco,E-commerce & direct-to-consumer,55907.0,c:74323,2011-03-07,other,2749820.0,1100000000.0
AppsFlyer,appsflyer,2011.0,2020-01-21,2.0,United States,San Francisco,Mobile & telecommunications,42094.0,c:151746,2012-01-01,venture,0.0,2000000000.0
Arctic Wolf Networks,arcticwolfnetworks,2012.0,2020-10-22,4.3,United States,Eden Prairie,Cybersecurity,55960.0,c:282123,2012-05-01,series-a,7250000.0,4300000000.0
Assembly,assembly,2019.0,2021-09-21,1.0,United States,Culver City,Internet,54609.0,c:67678,2013-01-01,angel,0.0,1000000000.0
Automattic,automattic,2005.0,2013-05-27,1.8,United States,San Francisco,Internet,777.0,c:1080,2005-10-01,series-a,1100000.0,1800000000.0
Automattic,automattic,2005.0,2013-05-27,1.8,United States,San Francisco,Internet,1419.0,c:1080,2008-01-01,series-b,29500000.0,1800000000.0
Axtria,axtria,2009.0,2021-05-13,1.0,United States,Berkeley Heights,Data,15195.0,c:47153,2010-05-03,venture,2500000.0,1000000000.0
Betterfly,betterfly,2018.0,2022-02-01,1.0,Chile,Santiago,Artificial intelligence,18435.0,c:47420,2010-09-20,series-a,0.0,1000000000.0
Betterfly,betterfly,2018.0,2022-02-01,1.0,Chile,Santiago,Artificial intelligence,28481.0,c:47420,2012-02-29,series-a,1500000.0,1000000000.0
Betterfly,betterfly,2018.0,2022-02-01,1.0,Chile,Santiago,Artificial intelligence,46236.0,c:47420,2013-08-21,angel,1000000.0,1000000000.0
Betterment,betterment,2010.0,2021-09-29,1.3,United States,New York,Fintech,20330.0,c:44467,2010-12-01,series-a,3000000.0,1300000000.0
Betterment,betterment,2010.0,2021-09-29,1.3,United States,New York,Fintech,32968.0,c:44467,2012-10-03,series-b,10000000.0,1300000000.0
BitSight Technologies,bitsighttechnologies,2013.0,2021-09-13,2.4,United States,Boston,Cybersecurity,39364.0,c:221968,2013-06-05,series-a,24000000.0,2400000000.0
BitSight Technologies,bitsighttechnologies,2013.0,2021-09-13,2.4,United States,Boston,Cybersecurity,53986.0,c:221968,2011-04-15,angel,1035000.0,2400000000.0
BlaBlaCar,blablacar,2006.0,2015-09-16,2.0,France,Paris,Auto & transportation,27579.0,c:79517,2012-01-16,venture,10000000.0,2000000000.0
BloomReach,bloomreach,2009.0,2022-02-23,2.2,United States,Mountain View,Artificial intelligence,33282.0,c:57161,2012-10-18,series-c+,25000000.0,2200000000.0
BloomReach,bloomreach,2009.0,2022-02-23,2.2,United States,Mountain View,Artificial intelligence,42586.0,c:57161,2008-09-01,series-a,5000000.0,2200000000.0
BloomReach,bloomreach,2009.0,2022-02-23,2.2,United States,Mountain View,Artificial intelligence,42587.0,c:57161,2010-09-01,series-b,11000000.0,2200000000.0
Bolt,bolt,2014.0,2021-10-08,11.0,United States,San Francisco,Fintech,22705.0,c:72948,2010-02-01,series-a,5000000.0,11000000000.0
Bolt,bolt,2014.0,2021-10-08,11.0,United States,San Francisco,Fintech,48302.0,c:263415,2013-02-01,angel,16000.0,11000000000.0
Branch,branch,2014.0,2018-09-10,4.0,United States,Redwood City,Mobile & telecommunications,28616.0,c:151577,2012-03-06,series-a,2000000.0,4000000000.0
BrewDog,brewdog,2007.0,2017-04-10,1.24,United Kingdom,Aberdeen,Consumer & retail,40888.0,c:231651,2013-09-03,crowdfunding,4545754.0,1240000000.0
C2FO,c2fo,2008.0,2019-08-07,1.0,United States,Leawood,Fintech,32389.0,c:101893,2012-09-05,series-a,9100000.0,1000000000.0
C2FO,c2fo,2008.0,2019-08-07,1.0,United States,Leawood,Fintech,43415.0,c:101893,2013-07-23,series-b,18000000.0,1000000000.0
Cabify,cabify,2011.0,2018-01-22,1.4,Spain,Madrid,Auto & transportation,32629.0,c:171702,2012-09-16,series-a,1964250.0,1400000000.0
CAIS,cais,2009.0,2022-01-11,1.0,United States,New York,Fintech,56106.0,c:282308,2011-02-18,series-a,4000000.0,1000000000.0
Calm,calm,2012.0,2019-02-06,2.0,United States,San Francisco,Consumer & retail,45402.0,c:189721,2013-02-26,angel,415000.0,2000000000.0
Canva,canva,2012.0,2018-01-08,40.0,Australia,Surry Hills,Internet,38000.0,c:186193,2013-03-19,series-a,3000000.0,40000000000.0
Canva,canva,2012.0,2018-01-08,40.0,Australia,Surry Hills,Internet,39312.0,c:186193,2013-03-08,other,105000.0,40000000000.0
Carousell,carousell,2012.0,2021-09-15,1.1,Singapore,E-commerce & direct-to-consumer,Other,54613.0,c:279246,2013-11-13,angel,800000.0,1100000000.0
Circle,circle,2013.0,2018-05-15,3.0,United States,Boston,Fintech,22701.0,c:64385,2011-01-01,angel,1000000.0,3000000000.0
Circle,circle,2013.0,2018-05-15,3.0,United States,Boston,Fintech,23918.0,c:64385,2011-06-30,series-a,5000000.0,3000000000.0
Circle,circle,2013.0,2018-05-15,3.0,United States,Boston,Fintech,43533.0,c:240867,2008-05-01,venture,0.0,3000000000.0
Circle,circle,2013.0,2018-05-15,3.0,United States,Boston,Fintech,52930.0,c:240867,2011-03-01,angel,0.0,3000000000.0
CircleCI,circleci,2011.0,2021-05-11,1.7,United States,San Francisco,Internet,35801.0,c:167791,2013-02-25,series-a,1500000.0,1700000000.0
ClassDojo,classdojo,2011.0,2022-07-21,1.25,United States,,Edtech,31942.0,c:142810,2012-08-15,series-a,1600000.0,1250000000.0
ClassDojo,classdojo,2011.0,2022-07-21,1.25,United States,,Edtech,36416.0,c:142810,2011-10-06,angel,0.0,1250000000.0
Clio,clio,2008.0,2021-04-27,1.6,Canada,Burnaby,Internet,27864.0,c:28156,2012-01-30,series-b,6000000.0,1600000000.0
Clip,clip,2012.0,2021-06-10,2.0,Mexico,Mexico City,Fintech,43216.0,c:160934,2011-01-01,venture,0.0,2000000000.0
CloudBees,cloudbees,2010.0,2021-12-09,1.15,United States,San Jose,Data,20278.0,c:59031,2010-11-29,series-a,4000000.0,1150000000.0
CloudBees,cloudbees,2010.0,2021-12-09,1.15,United States,San Jose,Data,24363.0,c:59031,2011-07-25,series-b,10500000.0,1150000000.0
CloudBees,cloudbees,2010.0,2021-12-09,1.15,United States,San Jose,Data,43165.0,c:59031,2013-07-17,series-b,2000000.0,1150000000.0
Coda Payments,codapayments,2011.0,2022-04-15,2.5,Singapore,,Other,37597.0,c:182735,2012-01-01,angel,900000.0,2500000000.0
Coda Payments,codapayments,2011.0,2022-04-15,2.5,Singapore,,Other,56813.0,c:182735,2013-12-02,series-a,2300000.0,2500000000.0
Collibra,collibra,2008.0,2019-01-29,5.25,Belgium,Brussels,Data,7562.0,c:27769,2008-01-01,angel,1251285.0,5250000000.0
Contentful,contentful,2013.0,2021-07-28,3.0,Germany,Berlin,Internet,40923.0,c:231656,2013-06-26,angel,0.0,3000000000.0
Contentful,contentful,2013.0,2021-07-28,3.0,Germany,Berlin,Internet,43566.0,c:231656,2012-08-01,venture,0.0,3000000000.0
Course Hero,coursehero,2006.0,2020-02-12,3.6,United States,Redwood City,Edtech,28670.0,c:19469,2010-07-13,series-a,1500000.0,3600000000.0
Course Hero,coursehero,2006.0,2020-02-12,3.6,United States,Redwood City,Edtech,29256.0,c:19469,2010-01-01,angel,883000.0,3600000000.0
Current,current,2015.0,2021-04-27,2.2,United States,New York,Fintech,25360.0,c:104603,2011-09-13,venture,13000000.0,2200000000.0
Cybereason,cybereason,2012.0,2019-08-06,2.44,United States,Boston,Cybersecurity,55173.0,c:237616,2013-05-01,series-a,4620000.0,2440000000.0
Databricks,databricks,2013.0,2019-02-05,38.0,United States,San Francisco,Data,50027.0,c:267428,2013-09-25,venture,14000000.0,38000000000.0
Dataminr,dataminr,2009.0,2018-06-04,4.1,United States,New York,Artificial intelligence,32790.0,c:154327,2012-09-24,series-b,16500000.0,4100000000.0
Dataminr,dataminr,2009.0,2018-06-04,4.1,United States,New York,Artificial intelligence,39788.0,c:154327,2013-06-12,series-c+,30000000.0,4100000000.0
Dataminr,dataminr,2009.0,2018-06-04,4.1,United States,New York,Artificial intelligence,54892.0,c:154327,2011-04-14,venture,1086000.0,4100000000.0
DataRobot,datarobot,2012.0,2019-07-29,6.3,United States,Boston,Artificial intelligence,38607.0,c:202793,2013-01-14,angel,0.0,6300000000.0
DataRobot,datarobot,2012.0,2019-07-29,6.3,United States,Boston,Artificial intelligence,40006.0,c:202793,2013-09-16,series-a,3300000.0,6300000000.0
DataStax,datastax,2010.0,2021-05-26,1.6,United States,,Data,18464.0,c:46410,2010-04-23,angel,0.0,1600000000.0
DataStax,datastax,2010.0,2021-05-26,1.6,United States,,Data,19547.0,c:46410,2010-10-27,series-a,2700000.0,1600000000.0
DataStax,datastax,2010.0,2021-05-26,1.6,United States,,Data,25525.0,c:46410,2011-09-21,series-b,11000000.0,1600000000.0
DataStax,datastax,2010.0,2021-05-26,1.6,United States,,Data,32930.0,c:46410,2012-10-01,series-c+,25000000.0,1600000000.0
DataStax,datastax,2010.0,2021-05-26,1.6,United States,,Data,43413.0,c:46410,2013-07-23,series-c+,45000000.0,1600000000.0
Deezer,deezer,2007.0,2018-08-02,1.4,France,Paris,Internet,8792.0,c:1501,2008-07-01,series-a,6800000.0,1400000000.0
Deezer,deezer,2007.0,2018-08-02,1.4,France,Paris,Internet,9106.0,c:1501,2009-10-10,series-b,12500000.0,1400000000.0
Deezer,deezer,2007.0,2018-08-02,1.4,France,Paris,Internet,33053.0,c:1501,2012-10-07,series-c+,130000000.0,1400000000.0
Degreed,degreed,2012.0,2021-04-13,1.4,United States,Pleasanton,Edtech,41840.0,c:155507,2012-11-30,other,900000.0,1400000000.0
Druva,druva,2007.0,2019-06-20,2.0,United States,Sunnyvale,Data,13864.0,c:45363,2010-04-07,series-a,5000000.0,2000000000.0
Druva,druva,2007.0,2019-06-20,2.0,United States,Sunnyvale,Data,24962.0,c:45363,2011-08-24,series-b,12000000.0,2000000000.0
Druva,druva,2007.0,2019-06-20,2.0,United States,Sunnyvale,Data,51920.0,c:45363,2013-10-15,series-c+,25000000.0,2000000000.0
Earnix,earnix,2001.0,2021-02-21,2.0,Israel,Giv'atayim,Fintech,18967.0,c:58601,2005-09-13,series-b,7000000.0,2000000000.0
Earnix,earnix,2001.0,2021-02-21,2.0,Israel,Giv'atayim,Fintech,42664.0,c:58601,2008-09-04,other,3000000.0,2000000000.0
EcoVadis,ecovadis,2007.0,2022-06-14,1.0,France,,"Supply chain, logistics, & delivery",4137.0,c:15424,2007-10-01,angel,1400000.0,1000000000.0
eSentire,esentire,2001.0,2022-02-22,1.1,Canada,Waterloo,Cybersecurity,42998.0,c:238722,2013-07-17,venture,7000000.0,1100000000.0
ezCater,ezcater,2007.0,2019-04-02,1.6,United States,Boston,"Supply chain, logistics, & delivery",25779.0,c:133277,2011-10-05,angel,630000.0,1600000000.0
ezCater,ezcater,2007.0,2019-04-02,1.6,United States,Boston,"Supply chain, logistics, & delivery",33119.0,c:133277,2012-10-10,venture,2160000.0,1600000000.0
Fanatics,fanatics,1995.0,2012-06-06,27.0,United States,Jacksonville,E-commerce & direct-to-consumer,30476.0,c:68409,2012-06-07,venture,225000000.0,27000000000.0
Fanatics,fanatics,1995.0,2012-06-06,27.0,United States,Jacksonville,E-commerce & direct-to-consumer,39551.0,c:68409,2013-06-06,venture,170000000.0,27000000000.0
Feedzai,feedzai,2009.0,2021-03-24,1.0,United States,San Mateo,Artificial intelligence,31682.0,c:142035,2011-05-06,series-a,2073643.0,1000000000.0
Feedzai,feedzai,2009.0,2021-03-24,1.0,United States,San Mateo,Artificial intelligence,35684.0,c:142035,2013-02-19,series-a,2400000.0,1000000000.0
Figma,figma,2012.0,2020-04-30,10.0,United States,San Francisco,Internet,41001.0,c:232287,2013-06-24,series-a,3874996.0,10000000000.0
Figment,figment,2018.0,2021-12-20,1.4,Canada,Toronto,Internet,22993.0,c:76254,2011-05-12,venture,1000000.0,1400000000.0
FirstCry,firstcry,2010.0,2020-02-07,2.1,India,Pune,E-commerce & direct-to-consumer,28250.0,c:144979,2012-02-13,series-b,14000000.0,2100000000.0
FiveTran,fivetran,2012.0,2020-06-30,5.6,United States,Oakland,Data,52996.0,c:192103,2013-03-01,angel,0.0,5600000000.0
Flipboard,flipboard,2010.0,2015-07-22,1.32,United States,Palo Alto,Internet,17093.0,c:47368,2010-07-20,series-a,10500000.0,1320000000.0
Flipboard,flipboard,2010.0,2015-07-22,1.32,United States,Palo Alto,Internet,22481.0,c:47368,2011-04-14,series-b,50000000.0,1320000000.0
Flipboard,flipboard,2010.0,2015-07-22,1.32,United States,Palo Alto,Internet,49668.0,c:47368,2013-09-23,series-c+,50000000.0,1320000000.0
Flipboard,flipboard,2010.0,2015-07-22,1.32,United States,Palo Alto,Internet,57436.0,c:47368,2013-12-09,series-c+,50000000.0,1320000000.0
FloQast,floqast,2013.0,2021-07-21,1.2,United States,Los Angeles,Fintech,41307.0,c:233718,2013-06-28,angel,50000.0,1200000000.0
Formlabs,formlabs,2011.0,2018-08-01,2.0,United States,Somerville,Hardware,26716.0,c:142795,2011-11-23,venture,500000.0,2000000000.0
Formlabs,formlabs,2011.0,2018-08-01,2.0,United States,Somerville,Hardware,33421.0,c:142795,2012-10-25,crowdfunding,2800000.0,2000000000.0
Formlabs,formlabs,2011.0,2018-08-01,2.0,United States,Somerville,Hardware,52631.0,c:142795,2013-10-24,series-a,19000000.0,2000000000.0
Fractal Analytics,fractalanalytics,2000.0,2022-01-05,1.0,India,Mumbai,Data,40601.0,c:177846,2013-06-24,venture,25000000.0,1000000000.0
Gett,gett,2010.0,2016-05-24,1.5,United Kingdom,London,Auto & transportation,27147.0,c:60038,2011-12-20,angel,457590.0,1500000000.0
GetYourGuide,getyourguide,2009.0,2019-05-16,1.1,Germany,Berlin,Travel,8275.0,c:9260,2012-03-07,series-a,2000000.0,1100000000.0
GetYourGuide,getyourguide,2009.0,2019-05-16,1.1,Germany,Berlin,Travel,34647.0,c:9260,2013-01-07,series-a,14000000.0,1100000000.0
GoCardless,gocardless,2011.0,2022-02-08,2.1,United Kingdom,London,Fintech,28031.0,c:148846,2012-02-07,venture,1500000.0,2100000000.0
GoCardless,gocardless,2011.0,2022-02-08,2.1,United Kingdom,London,Fintech,37182.0,c:148846,2013-04-18,series-a,3300000.0,2100000000.0
Gousto,gousto,2012.0,2020-11-03,1.7,United Kingdom,London,"Supply chain, logistics, & delivery",48658.0,c:232917,2013-09-23,angel,808357.0,1700000000.0
Gousto,gousto,2012.0,2020-11-03,1.7,United Kingdom,London,"Supply chain, logistics, & delivery",57373.0,c:232917,2013-12-09,series-a,2000000.0,1700000000.0
Greenlight,greenlight,2014.0,2020-09-24,2.3,United States,Atlanta,Fintech,30065.0,c:158910,2011-07-20,angel,40331.0,2300000000.0
Hailo,hailo,2017.0,2021-06-23,1.0,Israel,Tel Aviv,Artificial intelligence,25059.0,c:82353,2011-04-01,series-a,3000000.0,1000000000.0
Hailo,hailo,2017.0,2021-06-23,1.0,Israel,Tel Aviv,Artificial intelligence,29008.0,c:82353,2012-03-29,series-a,17000000.0,1000000000.0
Hailo,hailo,2017.0,2021-06-23,1.0,Israel,Tel Aviv,Artificial intelligence,34486.0,c:82353,2012-12-31,series-b,30600000.0,1000000000.0
Handshake,handshake,2014.0,2021-05-12,3.5,United States,San Francisco,Internet,39233.0,c:221177,2013-06-04,series-a,1500000.0,3500000000.0
HeartFlow,heartflow,2007.0,2017-12-04,1.3,United States,Redwood City,Health,53605.0,c:57370,2012-02-02,private-equity,74999999.0,1300000000.0
HeartFlow,heartflow,2007.0,2017-12-04,1.3,United States,Redwood City,Health,56319.0,c:57370,2011-02-04,venture,20416022.0,1300000000.0
HeartFlow,heartflow,2007.0,2017-12-04,1.3,United States,Redwood City,Health,56320.0,c:57370,2010-06-14,other,10000000.0,1300000000.0
HeartFlow,heartflow,2007.0,2017-12-04,1.3,United States,Redwood City,Health,56321.0,c:57370,2010-04-19,venture,1600000.0,1300000000.0
Heyday,heyday,2017.0,2021-11-16,1.0,United States,Chicago,E-commerce & direct-to-consumer,57191.0,c:284522,2013-12-05,series-a,2000000.0,1000000000.0
HomeLight,homelight,2012.0,2021-09-02,1.6,United States,San Francisco,Fintech,33780.0,c:151402,2012-11-15,series-a,1500000.0,1600000000.0
HoneyBook,honeybook,2013.0,2021-05-04,1.1,United States,San Francisco,Internet,40735.0,c:231065,2012-10-01,venture,0.0,1100000000.0
Hopper,hopper,2007.0,2021-03-24,5.0,Canada,Montreal,Travel,24855.0,c:23877,2012-08-15,series-b,12000000.0,5000000000.0
Hopper,hopper,2007.0,2021-03-24,5.0,Canada,Montreal,Travel,24856.0,c:23877,2011-08-01,series-a,8000000.0,5000000000.0
Hopper,hopper,2007.0,2021-03-24,5.0,Canada,Montreal,Travel,31939.0,c:23877,2007-01-01,series-a,1723709.0,5000000000.0
Houzz,houzz,2008.0,2014-09-30,4.0,United States,Palo Alto,E-commerce & direct-to-consumer,20029.0,c:61360,2010-11-11,series-a,2000000.0,4000000000.0
Houzz,houzz,2008.0,2014-09-30,4.0,United States,Palo Alto,E-commerce & direct-to-consumer,27139.0,c:61360,2011-12-19,series-b,11600000.0,4000000000.0
Houzz,houzz,2008.0,2014-09-30,4.0,United States,Palo Alto,E-commerce & direct-to-consumer,35141.0,c:61360,2013-01-29,series-c+,35000000.0,4000000000.0
iCapital Network,icapitalnetwork,2013.0,2021-07-27,6.0,United States,New York,Fintech,52246.0,c:273131,2013-06-21,series-a,4000000.0,6000000000.0
ID.me,idme,2010.0,2021-03-19,1.5,United States,McLean,Cybersecurity,36498.0,c:191939,2013-03-17,series-a,2100000.0,1500000000.0
ID.me,idme,2010.0,2021-03-19,1.5,United States,McLean,Cybersecurity,49048.0,c:191939,2013-09-17,other,1200000.0,1500000000.0
iFood,ifood,2011.0,2018-11-13,1.0,Brazil,Osasco,"Supply chain, logistics, & delivery",35355.0,c:186556,2013-02-07,series-b,2600000.0,1000000000.0
iFood,ifood,2011.0,2018-11-13,1.0,Brazil,Osasco,"Supply chain, logistics, & delivery",35497.0,c:186556,2011-08-02,series-a,1560000.0,1000000000.0
IGAWorks,igaworks,2006.0,2021-11-08,1.0,South Korea,,Internet,26213.0,c:107930,2008-06-01,series-a,2000000.0,1000000000.0
IGAWorks,igaworks,2006.0,2021-11-08,1.0,South Korea,,Internet,37374.0,c:107930,2012-06-01,series-b,3000000.0,1000000000.0
Illumio,illumio,2013.0,2015-04-14,2.75,United States,Sunnyvale,Cybersecurity,36241.0,c:190509,2013-01-14,series-a,8000000.0,2750000000.0
Illumio,illumio,2013.0,2015-04-14,2.75,United States,Sunnyvale,Cybersecurity,49162.0,c:190509,2013-09-20,series-b,34500000.0,2750000000.0
InMobi,inmobi,2007.0,2014-12-02,1.0,India,Bengaluru,Mobile & telecommunications,2752.0,c:4446,2008-01-01,series-a,7100000.0,1000000000.0
InMobi,inmobi,2007.0,2014-12-02,1.0,India,Bengaluru,Mobile & telecommunications,2753.0,c:4446,2007-01-01,angel,500000.0,1000000000.0
InMobi,inmobi,2007.0,2014-12-02,1.0,India,Bengaluru,Mobile & telecommunications,16922.0,c:4446,2010-07-13,series-b,8000000.0,1000000000.0
InMobi,inmobi,2007.0,2014-12-02,1.0,India,Bengaluru,Mobile & telecommunications,25400.0,c:4446,2011-09-15,series-c+,200000000.0,1000000000.0
InSightec,insightec,1999.0,2020-03-06,1.3,Israel,Tirat Carmel,Health,34296.0,c:180761,2012-12-11,series-c+,30900000.0,1300000000.0
Instacart,instacart,2012.0,2014-12-30,39.0,United States,San Francisco,"Supply chain, logistics, & delivery",33408.0,c:166739,2012-10-25,venture,2300000.0,39000000000.0
Instacart,instacart,2012.0,2014-12-30,39.0,United States,San Francisco,"Supply chain, logistics, & delivery",42168.0,c:166739,2013-07-10,series-a,8500000.0,39000000000.0
Intarcia Therapeutics,intarciatherapeutics,1995.0,2014-04-01,3.8,United States,Boston,Health,9076.0,c:33592,2007-03-20,series-b,50000000.0,3800000000.0
Intarcia Therapeutics,intarciatherapeutics,1995.0,2014-04-01,3.8,United States,Boston,Health,18179.0,c:33592,2010-09-08,series-b,5000000.0,3800000000.0
Intarcia Therapeutics,intarciatherapeutics,1995.0,2014-04-01,3.8,United States,Boston,Health,33800.0,c:33592,2012-11-16,series-c+,160000000.0,3800000000.0
Intarcia Therapeutics,intarciatherapeutics,1995.0,2014-04-01,3.8,United States,Boston,Health,43842.0,c:33592,2012-08-30,other,45791354.0,3800000000.0
Intarcia Therapeutics,intarciatherapeutics,1995.0,2014-04-01,3.8,United States,Boston,Health,43957.0,c:33592,2012-11-15,other,50000000.0,3800000000.0
Intarcia Therapeutics,intarciatherapeutics,1995.0,2014-04-01,3.8,United States,Boston,Health,53427.0,c:33592,2011-06-10,other,45791354.0,3800000000.0
Intarcia Therapeutics,intarciatherapeutics,1995.0,2014-04-01,3.8,United States,Boston,Health,56807.0,c:33592,2010-01-15,series-b,9026189.0,3800000000.0
Intarcia Therapeutics,intarciatherapeutics,1995.0,2014-04-01,3.8,United States,Boston,Health,57342.0,c:33592,2010-05-14,venture,14488394.0,3800000000.0
Intercom,intercom,2011.0,2018-03-27,1.28,United States,San Francisco,Internet,41508.0,c:81068,2012-01-25,angel,1000000.0,1280000000.0
Intercom,intercom,2011.0,2018-03-27,1.28,United States,San Francisco,Internet,41510.0,c:81068,2012-08-01,angel,750000.0,1280000000.0
Intercom,intercom,2011.0,2018-03-27,1.28,United States,San Francisco,Internet,41511.0,c:81068,2013-06-01,series-a,6000000.0,1280000000.0
InVision,invision,2011.0,2017-11-01,1.9,United States,New York,Internet,10251.0,c:37709,2008-03-04,series-a,30000000.0,1900000000.0
InVision,invision,2011.0,2017-11-01,1.9,United States,New York,Internet,12082.0,c:37709,2010-02-12,series-b,5000000.0,1900000000.0
InVision,invision,2011.0,2017-11-01,1.9,United States,New York,Internet,13678.0,c:45027,2006-01-31,venture,5000000.0,1900000000.0
InVision,invision,2011.0,2017-11-01,1.9,United States,New York,Internet,21737.0,c:37709,2011-03-02,venture,8500000.0,1900000000.0
InVision,invision,2011.0,2017-11-01,1.9,United States,New York,Internet,28339.0,c:73638,2012-02-22,series-a,1500000.0,1900000000.0
InVision,invision,2011.0,2017-11-01,1.9,United States,New York,Internet,55690.0,c:37709,2011-03-10,venture,1116400.0,1900000000.0
Iterable,iterable,2013.0,2021-06-15,2.0,United States,San Francisco,Internet,38178.0,c:203167,2013-05-01,angel,0.0,2000000000.0
Ivalua,ivalua,2000.0,2019-05-21,1.1,United States,Redwood City,Fintech,22815.0,c:75443,2011-05-05,venture,4444200.0,1100000000.0
Jeeves,jeeves,2019.0,2022-03-14,2.0,United States,Orlando,Fintech,30921.0,c:162801,2012-06-21,angel,0.0,2000000000.0
Jobandtalent,jobandtalent,2009.0,2021-12-01,2.35,Spain,Madrid,Internet,16884.0,c:51578,2010-06-22,angel,735480.0,2350000000.0
Jobandtalent,jobandtalent,2009.0,2021-12-01,2.35,Spain,Madrid,Internet,30677.0,c:51578,2009-01-01,angel,695850.0,2350000000.0
Jobandtalent,jobandtalent,2009.0,2021-12-01,2.35,Spain,Madrid,Internet,41932.0,c:51578,2013-07-22,venture,3300000.0,2350000000.0
JoyTunes,joytunes,2011.0,2021-06-21,1.0,Israel,Tel Aviv,Edtech,36821.0,c:58828,2012-01-01,angel,500000.0,1000000000.0
JoyTunes,joytunes,2011.0,2021-06-21,1.0,Israel,Tel Aviv,Edtech,37491.0,c:58828,2013-05-03,series-a,1500000.0,1000000000.0
JumpCloud,jumpcloud,2012.0,2021-09-13,2.62,United States,Louisville,Data,41584.0,c:223736,2012-12-20,venture,1200000.0,2620000000.0
Justworks,justworks,2012.0,2020-01-28,1.43,United States,New York,Internet,52056.0,c:211884,2013-10-16,angel,1000000.0,1430000000.0
Kaseya,kaseya,2000.0,2019-03-27,2.0,United States,Miami,Cybersecurity,40797.0,c:21665,2013-06-25,private-equity,0.0,2000000000.0
KeepTruckin,keeptruckin,2013.0,2019-04-23,2.3,United States,San Francisco,"Supply chain, logistics, & delivery",57772.0,c:285854,2013-07-01,series-a,2300000.0,2300000000.0
Klarna,klarna,2005.0,2011-12-12,45.6,Sweden,Stockholm,Fintech,13608.0,c:44917,2005-01-01,angel,80000.0,45600000000.0
Klarna,klarna,2005.0,2011-12-12,45.6,Sweden,Stockholm,Fintech,13609.0,c:44917,2007-12-01,series-a,2200000.0,45600000000.0
Klarna,klarna,2005.0,2011-12-12,45.6,Sweden,Stockholm,Fintech,15623.0,c:44917,2010-05-04,series-b,9000000.0,45600000000.0
Klarna,klarna,2005.0,2011-12-12,45.6,Sweden,Stockholm,Fintech,26970.0,c:44917,2011-12-09,series-c+,155000000.0,45600000000.0
Lattice,lattice,2015.0,2021-03-23,3.0,United States,San Francisco,Internet,21766.0,c:70394,2011-02-22,venture,1000000.0,3000000000.0
Lattice,lattice,2015.0,2021-03-23,3.0,United States,San Francisco,Internet,54473.0,c:70394,2011-05-05,venture,509600.0,3000000000.0
Lookout,lookout,2007.0,2013-10-10,1.0,United States,San Francisco,Cybersecurity,10560.0,c:13365,2009-12-22,series-a,5500000.0,1000000000.0
Lookout,lookout,2007.0,2013-10-10,1.0,United States,San Francisco,Cybersecurity,15699.0,c:13365,2010-05-18,series-b,11000000.0,1000000000.0
Lookout,lookout,2007.0,2013-10-10,1.0,United States,San Francisco,Cybersecurity,20648.0,c:13365,2010-12-23,series-c+,19500000.0,1000000000.0
Lookout,lookout,2007.0,2013-10-10,1.0,United States,San Francisco,Cybersecurity,25527.0,c:13365,2011-09-21,venture,40000000.0,1000000000.0
Lookout,lookout,2007.0,2013-10-10,1.0,United States,San Francisco,Cybersecurity,51597.0,c:13365,2013-10-10,series-c+,55000000.0,1000000000.0
Loom,loom,2016.0,2021-05-20,1.53,United States,San Francisco,Internet,50933.0,c:214623,2013-10-04,angel,1400000.0,1530000000.0
Lucid Software,lucidsoftware,2010.0,2021-06-29,3.0,United States,South Jordan,Internet,11517.0,c:40672,2008-01-01,angel,89256.0,3000000000.0
Lydia,lydia,2011.0,2021-12-08,1.0,France,Paris,Fintech,48815.0,c:264825,2013-09-16,angel,771960.0,1000000000.0
MadeiraMadeira,madeiramadeira,2009.0,2021-01-07,1.0,Brazil,Parana,E-commerce & direct-to-consumer,34604.0,c:182942,2012-05-25,series-a,0.0,1000000000.0
Mambu,mambu,2011.0,2021-01-06,5.5,Netherlands,Amsterdam,Fintech,35547.0,c:138548,2013-02-14,series-a,2000000.0,5500000000.0
MediaMath,mediamath,2007.0,2018-07-10,1.0,United States,New York,Internet,7884.0,c:13927,2009-08-05,series-a,10000000.0,1000000000.0
MediaMath,mediamath,2007.0,2018-07-10,1.0,United States,New York,Internet,7885.0,c:13927,2009-08-05,other,2500000.0,1000000000.0
MediaMath,mediamath,2007.0,2018-07-10,1.0,United States,New York,Internet,14670.0,c:13927,2010-04-15,venture,376550.0,1000000000.0
MediaMath,mediamath,2007.0,2018-07-10,1.0,United States,New York,Internet,21856.0,c:13927,2011-03-09,series-b,14000000.0,1000000000.0
MediaMath,mediamath,2007.0,2018-07-10,1.0,United States,New York,Internet,57156.0,c:13927,2008-03-05,series-a,0.0,1000000000.0
Mirakl,mirakl,2011.0,2020-09-22,3.5,France,Paris,E-commerce & direct-to-consumer,33973.0,c:151652,2012-11-16,series-a,3000000.0,3500000000.0
Mixpanel,mixpanel,2009.0,2021-11-15,1.05,United States,San Francisco,Internet,7679.0,c:28105,2009-07-01,angel,0.0,1050000000.0
Mixpanel,mixpanel,2009.0,2021-11-15,1.05,United States,San Francisco,Internet,11959.0,c:28105,2010-02-11,angel,500000.0,1050000000.0
Mixpanel,mixpanel,2009.0,2021-11-15,1.05,United States,San Francisco,Internet,23251.0,c:28105,2011-05-27,angel,1250000.0,1050000000.0
Mixpanel,mixpanel,2009.0,2021-11-15,1.05,United States,San Francisco,Internet,29864.0,c:28105,2012-05-10,series-a,10250000.0,1050000000.0
MobiKwik,mobikwik,2009.0,2021-10-13,1.0,India,Gurugram,Fintech,50305.0,c:35787,2012-09-16,angel,250000.0,1000000000.0
Modernizing Medicine,modernizingmedicine,2010.0,2017-05-10,1.0,United States,Boca Raton,Health,34226.0,c:179871,2012-12-05,venture,12000000.0,1000000000.0
Modernizing Medicine,modernizingmedicine,2010.0,2017-05-10,1.0,United States,Boca Raton,Health,44525.0,c:179871,2012-07-17,venture,6604995.0,1000000000.0
Modernizing Medicine,modernizingmedicine,2010.0,2017-05-10,1.0,United States,Boca Raton,Health,46034.0,c:179871,2013-08-20,series-c+,14000000.0,1000000000.0
Modernizing Medicine,modernizingmedicine,2010.0,2017-05-10,1.0,United States,Boca Raton,Health,56059.0,c:179871,2011-03-01,venture,7136000.0,1000000000.0
Modernizing Medicine,modernizingmedicine,2010.0,2017-05-10,1.0,United States,Boca Raton,Health,57233.0,c:179871,2010-01-21,other,425000.0,1000000000.0
MoMo,momo,2013.0,2021-12-10,2.27,Vietnam,Ho Chi Minh City,Fintech,32202.0,c:169566,2012-08-27,series-b,40000000.0,2270000000.0
Movable Ink,movableink,2010.0,2022-04-28,1.36,United States,,Internet,31748.0,c:73908,2011-07-13,series-a,1300000.0,1360000000.0
Movable Ink,movableink,2010.0,2022-04-28,1.36,United States,,Internet,37571.0,c:73908,2013-05-08,series-b,11000000.0,1360000000.0
Movile,movile,1998.0,2018-07-12,1.0,Brazil,Sao Paulo,Mobile & telecommunications,21776.0,c:70441,2000-01-01,series-a,1000000.0,1000000000.0
Movile,movile,1998.0,2018-07-12,1.0,Brazil,Sao Paulo,Mobile & telecommunications,21777.0,c:70441,2008-04-01,series-b,0.0,1000000000.0
Movile,movile,1998.0,2018-07-12,1.0,Brazil,Sao Paulo,Mobile & telecommunications,34505.0,c:70441,2010-03-01,series-c+,0.0,1000000000.0
Mu Sigma,musigma,2004.0,2013-02-07,1.5,United States,Northbrook,Data,23399.0,c:78366,2011-06-06,series-c+,25000000.0,1500000000.0
Mu Sigma,musigma,2004.0,2013-02-07,1.5,United States,Northbrook,Data,27269.0,c:78366,2011-12-28,series-c+,108000000.0,1500000000.0
Netskope,netskope,2012.0,2018-11-13,7.5,United States,Santa Clara,Cybersecurity,50769.0,c:268966,2013-07-01,series-b,15900000.0,7500000000.0
Netskope,netskope,2012.0,2018-11-13,7.5,United States,Santa Clara,Cybersecurity,50807.0,c:268966,2013-01-01,series-a,5500000.0,7500000000.0
Newsela,newsela,2013.0,2021-02-25,1.0,United States,New York,Internet,51417.0,c:263316,2013-10-09,angel,1200000.0,1000000000.0
Nexthink,nexthink,2004.0,2021-02-08,1.1,Switzerland,Prilly,Data,13400.0,c:14498,2007-03-07,series-b,4910000.0,1100000000.0
Nexthink,nexthink,2004.0,2021-02-08,1.1,Switzerland,Prilly,Data,16855.0,c:14498,2010-06-01,venture,1740000.0,1100000000.0
Nexthink,nexthink,2004.0,2021-02-08,1.1,Switzerland,Prilly,Data,28731.0,c:14498,2012-03-14,series-c+,5500000.0,1100000000.0
Nextiva,nextiva,2008.0,2021-09-14,2.7,United States,Scottsdale,Internet,29427.0,c:9683,2012-04-19,venture,0.0,2700000000.0
Noom,noom,2006.0,2021-05-24,3.7,United States,New York,Health,29487.0,c:56859,2011-06-01,angel,0.0,3700000000.0
Noom,noom,2006.0,2021-05-24,3.7,United States,New York,Health,29488.0,c:56859,2011-12-01,angel,0.0,3700000000.0
Noom,noom,2006.0,2021-05-24,3.7,United States,New York,Health,34409.0,c:56859,2012-12-18,venture,2600000.0,3700000000.0
Noom,noom,2006.0,2021-05-24,3.7,United States,New York,Health,52415.0,c:56859,2013-10-22,other,0.0,3700000000.0
o9 Solutions,o9solutions,2009.0,2020-04-28,2.7,United States,Dallas,Artificial intelligence,41748.0,c:235084,2012-12-06,series-a,3000000.0,2700000000.0
o9 Solutions,o9solutions,2009.0,2020-04-28,2.7,United States,Dallas,Artificial intelligence,51996.0,c:235084,2013-10-15,venture,3000000.0,2700000000.0
Ola Cabs,olacabs,2010.0,2014-10-27,7.0,India,Bengaluru,Auto & transportation,22613.0,c:74367,2011-04-21,angel,0.0,7000000000.0
Ola Cabs,olacabs,2010.0,2014-10-27,7.0,India,Bengaluru,Auto & transportation,30919.0,c:74367,2012-04-10,series-a,5000000.0,7000000000.0
Ola Cabs,olacabs,2010.0,2014-10-27,7.0,India,Bengaluru,Auto & transportation,41506.0,c:74367,2013-11-12,series-b,20000000.0,7000000000.0
Omada Health,omadahealth,2011.0,2022-02-23,1.0,United States,San Francisco,Health,26392.0,c:141233,2011-05-01,angel,20000.0,1000000000.0
Omada Health,omadahealth,2011.0,2022-02-23,1.0,United States,San Francisco,Health,27176.0,c:141233,2011-12-21,angel,800000.0,1000000000.0
Omada Health,omadahealth,2011.0,2022-02-23,1.0,United States,San Francisco,Health,36607.0,c:141233,2013-03-21,series-a,4700000.0,1000000000.0
ONE,one,2011.0,2021-12-08,1.0,Singapore,Internet software & services,Other,24302.0,c:65098,2011-07-20,angel,1000050.0,1000000000.0
OutSystems,outsystems,2001.0,2018-06-05,9.5,United States,Boston,Internet,14048.0,c:30961,2007-06-21,series-b,3220000.0,9500000000.0
Oyster,oyster,2008.0,2022-04-20,1.0,United States,,Fintech,6784.0,c:25306,2008-03-01,series-a,6400000.0,1000000000.0
Oyster,oyster,2008.0,2022-04-20,1.0,United States,,Fintech,8633.0,c:25306,2009-09-14,series-b,4000000.0,1000000000.0
Oyster,oyster,2008.0,2022-04-20,1.0,United States,,Fintech,22632.0,c:25306,2011-04-25,series-c+,10000000.0,1000000000.0
Oyster,oyster,2008.0,2022-04-20,1.0,United States,,Fintech,33124.0,c:25306,2012-10-11,series-a,3000000.0,1000000000.0
Patreon,patreon,2013.0,2020-09-02,4.0,United States,San Francisco,Internet,44438.0,c:226452,2013-08-01,series-a,2100000.0,4000000000.0
Plaid,plaid,2012.0,2018-12-11,13.4,United States,San Francisco,Fintech,49320.0,c:166525,2013-09-19,series-a,2800000.0,13400000000.0
Planet Labs,planetlabs,2010.0,2015-04-13,2.2,United States,San Francisco,Other,40896.0,c:231747,2013-06-25,venture,13100000.0,2200000000.0
Planet Labs,planetlabs,2010.0,2015-04-13,2.2,United States,San Francisco,Other,43645.0,c:231747,2013-07-23,other,3200000.0,2200000000.0
Planet Labs,planetlabs,2010.0,2015-04-13,2.2,United States,San Francisco,Other,53212.0,c:231747,2012-10-01,private-equity,10116000.0,2200000000.0
PolicyBazaar,policybazaar,2008.0,2019-05-06,2.4,India,Gurgaon,Fintech,23186.0,c:77342,2011-05-25,venture,0.0,2400000000.0
Proterra,proterra,2004.0,2020-10-15,1.05,United States,Burlingame,"Supply chain, logistics, & delivery",16153.0,c:49465,2010-06-09,venture,20000000.0,1050000000.0
Proterra,proterra,2004.0,2020-10-15,1.05,United States,Burlingame,"Supply chain, logistics, & delivery",23545.0,c:49465,2011-06-13,venture,30000000.0,1050000000.0
Proterra,proterra,2004.0,2020-10-15,1.05,United States,Burlingame,"Supply chain, logistics, & delivery",26161.0,c:49465,2011-10-25,venture,15000000.0,1050000000.0
Proterra,proterra,2004.0,2020-10-15,1.05,United States,Burlingame,"Supply chain, logistics, & delivery",33930.0,c:49465,2012-11-21,series-b,23000000.0,1050000000.0
Proterra,proterra,2004.0,2020-10-15,1.05,United States,Burlingame,"Supply chain, logistics, & delivery",52154.0,c:49465,2013-10-17,series-c+,24000000.0,1050000000.0
Purplle,purplle,2011.0,2022-06-09,1.1,India,,E-commerce & direct-to-consumer,46550.0,c:257623,2013-08-26,series-a,0.0,1100000000.0
Qumulo,qumulo,2012.0,2020-07-16,1.2,United States,Seattle,Data,33885.0,c:178079,2012-11-20,series-a,24500000.0,1200000000.0
Qumulo,qumulo,2012.0,2020-07-16,1.2,United States,Seattle,Data,33897.0,c:178079,2012-03-01,series-a,2300000.0,1200000000.0
Quora,quora,2009.0,2017-04-21,2.0,United States,Mountain View,Internet,13559.0,c:39169,2010-03-28,series-a,11000000.0,2000000000.0
Quora,quora,2009.0,2017-04-21,2.0,United States,Mountain View,Internet,29915.0,c:39169,2012-05-14,series-b,60000000.0,2000000000.0
reddit,reddit,2005.0,2017-07-31,10.0,United States,San Francisco,Internet,266.0,c:314,2005-06-01,angel,100000.0,10000000000.0
Reify Health,reifyhealth,2012.0,2021-08-10,2.2,United States,Boston,Health,35568.0,c:187806,2012-06-01,angel,20000.0,2200000000.0
Reify Health,reifyhealth,2012.0,2021-08-10,2.2,United States,Boston,Health,40137.0,c:187806,2013-03-01,other,330000.0,2200000000.0
Rokt,rokt,2012.0,2021-12-16,1.95,United States,New York,Internet,56126.0,c:282410,2013-11-26,series-a,8000000.0,1950000000.0
SafetyCulture,safetyculture,2004.0,2021-05-03,1.6,Australia,Sydney,Internet,56345.0,c:282702,2013-11-27,series-a,3000000.0,1600000000.0
SalesLoft,salesloft,2011.0,2021-01-06,1.1,United States,Atlanta,Internet,25560.0,c:110943,2011-09-12,angel,0.0,1100000000.0
SalesLoft,salesloft,2011.0,2021-01-06,1.1,United States,Atlanta,Internet,30667.0,c:110943,2012-05-17,angel,18000.0,1100000000.0
Salsify,salsify,2012.0,2022-04-13,2.0,United States,,Internet,48522.0,c:263925,2013-09-12,series-a,8000000.0,2000000000.0
Scopely,scopely,2011.0,2019-10-29,3.3,United States,Culver City,Mobile & telecommunications,32714.0,c:71783,2012-09-19,venture,8500000.0,3300000000.0
Sift,sift,2011.0,2021-04-22,1.0,United States,San Francisco,Artificial intelligence,5341.0,c:20167,1998-01-01,angel,0.0,1000000000.0
Sift,sift,2011.0,2021-04-22,1.0,United States,San Francisco,Artificial intelligence,5342.0,c:20167,1999-10-01,series-a,4126789.0,1000000000.0
Sift,sift,2011.0,2021-04-22,1.0,United States,San Francisco,Artificial intelligence,35197.0,c:20167,2013-01-31,angel,540000.0,1000000000.0
Signifyd,signifyd,2011.0,2021-04-15,1.34,United States,San Jose,Fintech,34434.0,c:149735,2012-12-19,venture,2000000.0,1340000000.0
Sisense,sisense,2004.0,2020-01-09,1.1,United States,New York,Data,36803.0,c:7258,2013-04-03,venture,10000000.0,1100000000.0
Slice,slice,2015.0,2021-11-28,1.0,India,Bengaluru,Fintech,23217.0,c:47828,2011-05-25,series-a,9400000.0,1000000000.0
Slice,slice,2015.0,2021-11-28,1.0,India,Bengaluru,Fintech,46526.0,c:47828,2013-08-23,series-b,23000000.0,1000000000.0
Slice,slice,2015.0,2021-11-28,1.0,India,Bengaluru,Fintech,57365.0,c:47828,2010-05-12,venture,5025999.0,1000000000.0
SmartAsset,smartasset,2012.0,2021-06-24,1.0,United States,New York,Fintech,31934.0,c:165901,2012-08-14,other,900000.0,1000000000.0
SmartAsset,smartasset,2012.0,2021-06-24,1.0,United States,New York,Fintech,33486.0,c:165901,2012-10-30,series-a,1500000.0,1000000000.0
SmartRecruiters,smartrecruiters,2010.0,2021-07-20,1.5,United States,San Francisco,Internet,27627.0,c:90349,2012-01-09,series-a,5460000.0,1500000000.0
SmartRecruiters,smartrecruiters,2010.0,2021-07-20,1.5,United States,San Francisco,Internet,46344.0,c:90349,2013-08-22,series-b,10000000.0,1500000000.0
SMS Assist,smsassist,2003.0,2016-06-07,1.0,United States,Chicago,Internet,23747.0,c:79940,2011-06-22,venture,15000000.0,1000000000.0
SMS Assist,smsassist,2003.0,2016-06-07,1.0,United States,Chicago,Internet,52392.0,c:79940,2013-10-22,venture,45000000.0,1000000000.0
Snapdeal,snapdeal,2008.0,2014-05-21,1.0,India,New Delhi,E-commerce & direct-to-consumer,30907.0,c:138502,2011-09-01,series-b,40000000.0,1000000000.0
Snapdeal,snapdeal,2008.0,2014-05-21,1.0,India,New Delhi,E-commerce & direct-to-consumer,30908.0,c:138502,2011-01-01,series-a,12000000.0,1000000000.0
Snapdeal,snapdeal,2008.0,2014-05-21,1.0,India,New Delhi,E-commerce & direct-to-consumer,36696.0,c:138502,2013-04-01,series-c+,75000000.0,1000000000.0
Snapdeal,snapdeal,2008.0,2014-05-21,1.0,India,New Delhi,E-commerce & direct-to-consumer,45358.0,c:138502,2013-08-13,series-c+,75000000.0,1000000000.0
SnapLogic,snaplogic,2006.0,2021-12-13,1.0,United States,San Mateo,Internet,2195.0,c:5085,2007-05-22,series-a,2500000.0,1000000000.0
SnapLogic,snaplogic,2006.0,2021-12-13,1.0,United States,San Mateo,Internet,9318.0,c:5085,2009-10-29,series-a,2300000.0,1000000000.0
SnapLogic,snaplogic,2006.0,2021-12-13,1.0,United States,San Mateo,Internet,19687.0,c:5085,2010-10-29,series-b,10000000.0,1000000000.0
SnapLogic,snaplogic,2006.0,2021-12-13,1.0,United States,San Mateo,Internet,32694.0,c:5085,2012-09-19,series-c+,20000000.0,1000000000.0
Socure,socure,2012.0,2021-03-16,4.5,United States,New York,Cybersecurity,40396.0,c:104068,2013-09-13,series-a,1700000.0,4500000000.0
SoundHound,soundhound,2005.0,2018-05-03,2.1,United States,Santa Clara,Artificial intelligence,36231.0,c:65825,2006-05-31,series-a,0.0,2100000000.0
SoundHound,soundhound,2005.0,2018-05-03,2.1,United States,Santa Clara,Artificial intelligence,36232.0,c:65825,2008-05-01,series-b,0.0,2100000000.0
SoundHound,soundhound,2005.0,2018-05-03,2.1,United States,Santa Clara,Artificial intelligence,51872.0,c:65825,2009-08-04,venture,4000000.0,2100000000.0
Splashtop,splashtop,2006.0,2021-01-27,1.0,United States,San Jose,Internet,1329.0,c:1762,2006-08-01,series-a,10500000.0,1000000000.0
Splashtop,splashtop,2006.0,2021-01-27,1.0,United States,San Jose,Internet,1330.0,c:1762,2007-10-10,series-b,10000000.0,1000000000.0
Splashtop,splashtop,2006.0,2021-01-27,1.0,United States,San Jose,Internet,3212.0,c:1762,2008-08-19,series-c+,15000000.0,1000000000.0
Splashtop,splashtop,2006.0,2021-01-27,1.0,United States,San Jose,Internet,16722.0,c:1762,2010-06-02,venture,10000000.0,1000000000.0
SpotOn,spoton,2017.0,2021-05-26,3.15,United States,San Francisco,Fintech,32014.0,c:168660,2012-08-20,venture,5000000.0,3150000000.0
Strava,strava,2009.0,2020-11-16,1.5,United States,San Francisco,Internet,20908.0,c:44516,2011-01-12,series-a,3500000.0,1500000000.0
Strava,strava,2009.0,2020-11-16,1.5,United States,San Francisco,Internet,24436.0,c:44516,2011-07-27,series-b,12600000.0,1500000000.0
Stripe,stripe,2010.0,2014-01-23,95.0,United States,San Francisco,Fintech,28095.0,c:71058,2012-02-09,series-a,18000000.0,95000000000.0
Stripe,stripe,2010.0,2014-01-23,95.0,United States,San Francisco,Fintech,31162.0,c:71058,2012-07-09,series-b,20000000.0,95000000000.0
Stripe,stripe,2010.0,2014-01-23,95.0,United States,San Francisco,Fintech,36335.0,c:71058,2011-09-30,series-a,2000000.0,95000000000.0
Stripe,stripe,2010.0,2014-01-23,95.0,United States,San Francisco,Fintech,52783.0,c:71058,2010-08-02,angel,0.0,95000000000.0
SumUp,sumup,2011.0,2019-07-16,1.0,United Kingdom,London,Fintech,32107.0,c:169126,2012-08-23,series-a,20000000.0,1000000000.0
SumUp,sumup,2011.0,2019-07-16,1.0,United Kingdom,London,Fintech,42061.0,c:169126,2013-07-09,series-b,0.0,1000000000.0
Symphony,symphony,2014.0,2017-05-16,1.4,United States,New York,Fintech,46165.0,c:256758,2012-12-12,angel,200000.0,1400000000.0
Symphony,symphony,2014.0,2017-05-16,1.4,United States,New York,Fintech,46166.0,c:256758,2011-06-01,angel,300000.0,1400000000.0
Symphony,symphony,2014.0,2017-05-16,1.4,United States,New York,Fintech,46167.0,c:256758,2011-01-17,angel,150000.0,1400000000.0
Symphony,symphony,2014.0,2017-05-16,1.4,United States,New York,Fintech,55981.0,c:256758,2011-01-17,angel,100000.0,1400000000.0
TalkingData,talkingdata,2013.0,2021-01-06,1.3,China,Beijing,Mobile & telecommunications,56063.0,c:243762,2013-11-26,series-a,10000000.0,1300000000.0
Tanium,tanium,2007.0,2015-03-31,9.0,United States,Kirkland,Cybersecurity,15345.0,c:47450,2010-05-06,venture,812497.0,9000000000.0
Tarana Wireless,taranawireless,2009.0,2022-03-23,1.0,United States,Milpitas,Mobile & telecommunications,44505.0,c:158238,2012-07-19,venture,5000001.0,1000000000.0
Tarana Wireless,taranawireless,2009.0,2022-03-23,1.0,United States,Milpitas,Mobile & telecommunications,54699.0,c:158238,2011-04-22,venture,9142156.0,1000000000.0
Tealium,tealium,2008.0,2021-02-03,1.2,United States,San Diego,Internet,27482.0,c:81160,2012-01-10,series-a,1100000.0,1200000000.0
Tealium,tealium,2008.0,2021-02-03,1.2,United States,San Diego,Internet,31313.0,c:81160,2012-07-16,series-b,10500000.0,1200000000.0
Tealium,tealium,2008.0,2021-02-03,1.2,United States,San Diego,Internet,36747.0,c:81160,2013-04-03,series-c+,15600000.0,1200000000.0
thatgamecompany,thatgamecompany,,2022-03-03,1.94,United States,,Internet,30658.0,c:161520,2012-06-14,venture,5500000.0,1940000000.0
The Zebra,thezebra,2012.0,2021-04-12,1.0,United States,Austin,E-commerce & direct-to-consumer,35199.0,c:185947,2013-01-31,series-a,1500000.0,1000000000.0
The Zebra,thezebra,2012.0,2021-04-12,1.0,United States,Austin,E-commerce & direct-to-consumer,57326.0,c:185947,2013-12-06,series-a,3000063.0,1000000000.0
Thumbtack,thumbtack,2008.0,2015-09-29,3.2,United States,San Francisco,E-commerce & direct-to-consumer,16171.0,c:36460,2010-06-09,angel,1200000.0,3200000000.0
Thumbtack,thumbtack,2008.0,2015-09-29,3.2,United States,San Francisco,E-commerce & direct-to-consumer,27458.0,c:36460,2012-01-09,series-a,4500000.0,3200000000.0
Thumbtack,thumbtack,2008.0,2015-09-29,3.2,United States,San Francisco,E-commerce & direct-to-consumer,39892.0,c:36460,2013-06-13,series-b,12500000.0,3200000000.0
Tradeshift,tradeshift,2009.0,2018-05-30,2.7,United States,San Francisco,Fintech,23008.0,c:42353,2011-05-16,venture,7000000.0,2700000000.0
Tradeshift,tradeshift,2009.0,2018-05-30,2.7,United States,San Francisco,Fintech,26144.0,c:42353,2011-10-25,series-b,17000000.0,2700000000.0
TradingView,tradingview,2011.0,2021-10-14,3.0,United States,Westerville,Fintech,39335.0,c:144139,2013-05-01,angel,118000.0,3000000000.0
Tresata,tresata,2011.0,2018-10-10,1.0,United States,Charlotte,Fintech,41789.0,c:235106,2012-12-04,angel,750000.0,1000000000.0
Tresata,tresata,2011.0,2018-10-10,1.0,United States,Charlotte,Fintech,53775.0,c:235106,2011-05-31,venture,500000.0,1000000000.0
Trulioo,trulioo,2011.0,2021-06-07,1.75,Canada,Vancouver,Cybersecurity,33916.0,c:81538,2012-05-29,series-a,2000000.0,1750000000.0
Trulioo,trulioo,2011.0,2021-06-07,1.75,Canada,Vancouver,Cybersecurity,35215.0,c:81538,2010-01-01,angel,300000.0,1750000000.0
Unite Us,uniteus,2014.0,2021-03-17,1.7,United States,New York,Health,46211.0,c:256850,2013-08-21,series-a,2000000.0,1700000000.0
Upside,upside,,2022-04-26,1.5,United States,,Mobile & telecommunications,55603.0,c:272556,2013-10-01,angel,415000.0,1500000000.0
Uptake,uptake,2014.0,2015-10-27,2.3,United States,Chicago,Artificial intelligence,1201.0,c:1053,2007-12-18,series-a,3000000.0,2300000000.0
Uptake,uptake,2014.0,2015-10-27,2.3,United States,Chicago,Artificial intelligence,3458.0,c:1053,2008-09-18,series-b,8000000.0,2300000000.0
Uptake,uptake,2014.0,2015-10-27,2.3,United States,Chicago,Artificial intelligence,46100.0,c:1053,2006-11-21,series-a,3000000.0,2300000000.0
VANCL,vancl,,2010-12-14,3.0,China,Beijing,E-commerce & direct-to-consumer,54469.0,c:278865,2013-11-12,venture,100000000.0,3000000000.0
Vedantu,vedantu,2014.0,2021-09-29,1.0,India,Bengaluru,Edtech,43819.0,c:241598,2013-07-25,angel,400000.0,1000000000.0
Venafi,venafi,2000.0,2020-12-10,1.15,United States,Salt Lake City,Cybersecurity,9035.0,c:33383,2006-11-13,series-b,5000000.0,1150000000.0
Venafi,venafi,2000.0,2020-12-10,1.15,United States,Salt Lake City,Cybersecurity,9036.0,c:33383,2006-11-13,series-b,11000000.0,1150000000.0
Vestiaire Collective,vestiairecollective,2009.0,2021-03-01,1.7,France,Paris,E-commerce & direct-to-consumer,16404.0,c:50300,2010-06-24,series-a,1839300.0,1700000000.0
Vestiaire Collective,vestiairecollective,2009.0,2021-03-01,1.7,France,Paris,E-commerce & direct-to-consumer,25765.0,c:50300,2011-10-04,series-b,9885750.0,1700000000.0
Vestiaire Collective,vestiairecollective,2009.0,2021-03-01,1.7,France,Paris,E-commerce & direct-to-consumer,47354.0,c:50300,2013-09-02,series-c+,20000000.0,1700000000.0
Visier,visier,2010.0,2021-06-29,1.0,Canada,Vancouver,Internet,25131.0,c:85924,2011-09-05,series-a,6000000.0,1000000000.0
Visier,visier,2010.0,2021-06-29,1.0,Canada,Vancouver,Internet,38929.0,c:85924,2013-05-30,series-b,15000000.0,1000000000.0
Vox Media,voxmedia,2011.0,2015-08-12,1.0,United States,Washington,Internet,3744.0,c:12906,2008-10-27,venture,0.0,1000000000.0
Vox Media,voxmedia,2011.0,2015-08-12,1.0,United States,Washington,Internet,4619.0,c:12906,2009-01-15,venture,5000000.0,1000000000.0
Vox Media,voxmedia,2011.0,2015-08-12,1.0,United States,Washington,Internet,7486.0,c:12906,2009-07-16,series-b,8000000.0,1000000000.0
Vox Media,voxmedia,2011.0,2015-08-12,1.0,United States,Washington,Internet,19944.0,c:12906,2010-11-08,series-c+,10500000.0,1000000000.0
Vox Media,voxmedia,2011.0,2015-08-12,1.0,United States,Washington,Internet,51972.0,c:12906,2013-10-15,series-c+,34000000.0,1000000000.0
Vox Media,voxmedia,2011.0,2015-08-12,1.0,United States,Washington,Internet,56942.0,c:12906,2013-12-03,venture,3632220.0,1000000000.0
Wave,wave,2018.0,2021-09-07,2.0,Senegal,Dakar,Fintech,51653.0,c:271102,2013-10-10,venture,1400000.0,2000000000.0
Webflow,webflow,2012.0,2021-01-13,2.1,United States,San Francisco,Internet,54980.0,c:192799,2013-09-01,angel,0.0,2100000000.0
Webflow,webflow,2012.0,2021-01-13,2.1,United States,San Francisco,Internet,56298.0,c:192799,2013-03-01,angel,0.0,2100000000.0
WeLab,welab,2013.0,2017-11-08,1.0,Hong Kong,Fintech,Other,49215.0,c:265707,2013-01-01,angel,0.0,1000000000.0
Yotpo,yotpo,2011.0,2021-03-18,1.4,United States,New York,Internet,22277.0,c:72849,2011-04-18,angel,800000.0,1400000000.0
Yotpo,yotpo,2011.0,2021-03-18,1.4,United States,New York,Internet,33495.0,c:72849,2012-10-31,venture,1500000.0,1400000000.0
Zapier,zapier,2011.0,2021-01-14,4.0,United States,Sunnyvale,Internet,32167.0,c:162232,2012-05-20,angel,0.0,4000000000.0
Zapier,zapier,2011.0,2021-01-14,4.0,United States,Sunnyvale,Internet,33518.0,c:162232,2012-10-31,angel,1200000.0,4000000000.0
Zenefits,zenefits,2013.0,2015-05-06,4.5,United States,San Francisco,Fintech,43923.0,c:189021,2013-07-26,series-a,2100000.0,4500000000.0
ZocDoc,zocdoc,2007.0,2015-08-20,1.8,United States,New York,Health,3196.0,c:761,2008-08-18,series-a,5000000.0,1800000000.0
ZocDoc,zocdoc,2007.0,2015-08-20,1.8,United States,New York,Health,16956.0,c:761,2010-07-14,series-b,15000000.0,1800000000.0
ZocDoc,zocdoc,2007.0,2015-08-20,1.8,United States,New York,Health,24568.0,c:761,2011-09-22,series-c+,75000000.0,1800000000.0
ZocDoc,zocdoc,2007.0,2015-08-20,1.8,United States,New York,Health,40720.0,c:761,2013-06-24,other,2000000.0,1800000000.0
Zopa,zopa,2005.0,2021-10-19,1.0,United Kingdom,London,Fintech,466.0,c:481,2007-03-20,series-c+,12900000.0,1000000000.0
Zopa,zopa,2005.0,2021-10-19,1.0,United Kingdom,London,Fintech,467.0,c:481,2006-03-01,series-b,15000000.0,1000000000.0
Zopa,zopa,2005.0,2021-10-19,1.0,United Kingdom,London,Fintech,468.0,c:481,2006-07-01,series-b,5000000.0,1000000000.0
Zopa,zopa,2005.0,2021-10-19,1.0,United Kingdom,London,Fintech,469.0,c:481,2005-01-01,series-a,1000000.0,1000000000.0
Zopa,zopa,2005.0,2021-10-19,1.0,United Kingdom,London,Fintech,34300.0,c:481,2012-12-11,venture,0.0,1000000000.0
